asuntoId	asunto	dia	fecha
1	Apartamiento del Reglamento sol. Dip. DONDA PEREZ, Victoria del 20/05/2009 17:52	20/05/2009	20/05/2009 17:52
2	Apartamiento del Reglamento sol. Dip. LOZANO, Claudio Raúl. del 20/05/2009 18:03	20/05/2009	20/05/2009 18:03
3	Exp. 100-S-08 - Orden del Día 903 - Votación en General. del 06/11/2008 11:52	06/11/2008	06/11/2008 11:52
4	Exp. 101-S-08 - Orden del Día 1130 - Votación en General. del 06/11/2008 11:47	06/11/2008	06/11/2008 11:47
5	Exp. 10-PE-08 - Orden del Día 1320 - Votación en General. del 26/11/2008 21:43	26/11/2008	26/11/2008 21:43
6	Exp. 117-S-07 - O. del Día 469 - Vot. en Gral. y Particular. del 20/08/2008 19:52	20/08/2008	20/08/2008 19:52
7	Exp. 1181-D-09 - O.D. 1778 - Vot. en General y Particular del 25/11/2009 13:54	25/11/2009	25/11/2009 13:54
8	Exp. 11-JGM-2008 - O. del Día 1005 - Artículos 72-74-75 y 76 del 16/10/2008 01:48	16/10/2008	16/10/2008 01:48
9	Exp. 11-JGM-2008 - Orden del Día 1005 - Artículo 10. del 16/10/2008 00:52	16/10/2008	16/10/2008 00:52
10	Exp. 11-JGM-2008 - Orden del Día 1005 - Artículo 26. del 16/10/2008 01:14	16/10/2008	16/10/2008 01:14
11	Exp. 11-JGM-2008 - Orden del Día 1005 - Artículo 8. del 16/10/2008 00:51	16/10/2008	16/10/2008 00:51
12	Exp. 11-JGM-2008 - Orden del Día 1005 - Artículo 9. del 16/10/2008 00:51	16/10/2008	16/10/2008 00:51
13	Exp. 11-JGM-2008 - Orden del Día 1005 - Votación en General. del 16/10/2008 00:24	16/10/2008	16/10/2008 00:24
14	Exp. 11-PE-08 - Votación en General. del 11/06/2008 21:35	11/06/2008	11/06/2008 21:35
15	Exp. 125-S-08 - O. D. 1638 - Vot. en General y Particular. del 11/03/2009 18:25	11/03/2009	11/03/2009 18:25
16	Exp. 12-JGM-09 - Orden del Día 2041 - Votación en General del 15/10/2009 02:30	15/10/2009	15/10/2009 02:30
17	Exp. 1302-D-06 - Votación en General. del 27/08/2008 18:25	27/08/2008	27/08/2008 18:25
18	Exp. 130-S-08 - Orden del Día 2133 - Votación en General. del 04/11/2009 22:03	04/11/2009	04/11/2009 22:03
19	Exp. 1310-D-08 - O.D. 2366 - Vot. en General y Particular. del 25/11/2009 15:45	25/11/2009	25/11/2009 15:45
20	Exp. 1325-D-09 - O.D. 2203 - Vot. en General y Particular del 11/11/2009 21:15	11/11/2009	11/11/2009 21:15
21	Exp. 134-S-07 - O.D. 267 - Votación en General y Particular. del 21/05/2008 19:07	21/05/2008	21/05/2008 19:07
22	Exp. 13-PE-08 - Artículo 1.- del 05/07/2008 12:59	05/07/2008	05/07/2008 12:59
23	Exp. 13-PE-08 - Artículo 2.- del 05/07/2008 13:17	05/07/2008	05/07/2008 13:17
24	Exp. 13-PE-08 - Votación en General. del 05/07/2008 12:14	05/07/2008	05/07/2008 12:14
25	Exp. 141-S-08 - Votación en General. del 11/03/2009 15:55	11/03/2009	11/03/2009 15:55
26	Exp. 144-S-07 - O.D. 1722 - Votación en General y Particular del 11/11/2009 21:07	11/11/2009	11/11/2009 21:07
27	Exp. 146-S-07 - Orden del Día 1529 - Votación en General. del 17/12/2008 17:22	17/12/2008	17/12/2008 17:22
28	Exp. 14-PE-08 - Orden del Día 1663 - Votación en General. del 18/11/2009 20:37	18/11/2009	18/11/2009 20:37
29	Exp. 152-S-08 (y otros) - O.D. 2109 - Vot. en Gral. y Part. del 25/11/2009 15:27	25/11/2009	25/11/2009 15:27
30	Exp. 1571-D-09 - Orden del Día 1903 - Vot. en Gral. y Part. del 28/10/2009 23:17	28/10/2009	28/10/2009 23:17
31	Exp. 160-S-07 - Orden del Día 346. Art. 11 modificado del 04/06/2008 21:01	04/06/2008	04/06/2008 21:01
32	Exp. 160-S-08 - O.D. 1723 - Votación en General y Particular del 11/11/2009 21:09	11/11/2009	11/11/2009 21:09
33	Exp. 1642-D-08 y otros - Votación en General. del 21/05/2008 21:25	21/05/2008	21/05/2008 21:25
34	Exp. 164-S-07 - O.D. 1724 - Votación en General y Particular del 11/11/2009 21:08	11/11/2009	11/11/2009 21:08
35	Exp. 1678-D-08 - O.D. 2243 - Vot. en General y Particular. del 18/11/2009 21:20	18/11/2009	18/11/2009 21:20
36	Exp. 1686-D-07 (y otro)-O.D. 63 - Vot. en Gral. y Particular del 07/05/2008 17:57	07/05/2008	07/05/2008 17:57
37	Exp. 16-PE-07 - Orden del Día 58 - Votación en General. del 28/02/2008 22:09	28/02/2008	28/02/2008 22:09
38	Exp. 16-PE-08 - Orden del Día 779 - Votación en General. del 06/11/2008 11:45	06/11/2008	06/11/2008 11:45
39	Exp. 170-S-07 - Orden del Día 57 - Votación en General. del 28/02/2008 18:17	28/02/2008	28/02/2008 18:17
40	Exp. 17-PE-07 - Orden del Día 868 - Votación en General. del 17/12/2008 16:52	17/12/2008	17/12/2008 16:52
41	Exp. 1877-D-08 - Orden del Día 326 - Votación en General. del 11/06/2008 18:47	11/06/2008	11/06/2008 18:47
42	Exp. 18-PE-08 - Orden del Día 591 - Votación en General. del 22/08/2008 01:48	22/08/2008	22/08/2008 01:48
43	Exp. 1933-D-08 - O.D.1725 - Votación en General y Particular del 11/11/2009 21:10	11/11/2009	11/11/2009 21:10
44	Exp. 19-PE-08 - Artículo 15. del 04/09/2008 03:42	04/09/2008	04/09/2008 03:42
45	Exp. 19-PE-08 - Artículo 6. del 04/09/2008 03:39	04/09/2008	04/09/2008 03:39
46	Exp. 19-PE-08 - Votación en General. del 04/09/2008 03:30	04/09/2008	04/09/2008 03:30
47	Exp. 1-PE-08 - Orden del Día 292 - Votación en General. del 11/06/2008 18:46	11/06/2008	11/06/2008 18:46
48	Exp. 2177-D-08 - O.D. 2128 - Vot. en General y Particular. del 04/11/2009 22:14	04/11/2009	04/11/2009 22:14
49	Exp. 2183-D-09 - Votación en General y Particular. del 18/11/2009 20:32	18/11/2009	18/11/2009 20:32
50	Exp. 21-PE-08 - O. D. 887 - Vot. en General y Particular. del 01/10/2008 12:01	01/10/2008	01/10/2008 12:01
51	Exp. 2213-D-08 - Orden del Día 500 - Votación en General. del 20/08/2008 18:52	20/08/2008	20/08/2008 18:52
52	Exp. 2287-D-09 - O.D. 2372 - Vot. en General y Particular. del 25/11/2009 16:06	25/11/2009	25/11/2009 16:06
53	Exp. 22-PE-09 y otros - Orden del Día 2005 - Artículo 10. del 17/09/2009 01:57	17/09/2009	17/09/2009 01:57
54	Exp. 22-PE-09 y otros - Orden del Día 2005 - Artículo 11. del 17/09/2009 01:58	17/09/2009	17/09/2009 01:58
55	Exp. 22-PE-09 y otros - Orden del Día 2005 - Artículo 119. del 17/09/2009 03:04	17/09/2009	17/09/2009 03:04
56	Exp. 22-PE-09 y otros - Orden del Día 2005 - Artículo 124. del 17/09/2009 03:05	17/09/2009	17/09/2009 03:05
57	Exp. 22-PE-09 y otros - Orden del Día 2005 - Artículo 14. del 17/09/2009 01:59	17/09/2009	17/09/2009 01:59
58	Exp. 22-PE-09 y otros - Orden del Día 2005 - Artículo 146. del 17/09/2009 03:10	17/09/2009	17/09/2009 03:10
59	Exp. 22-PE-09 y otros - Orden del Día 2005 - Artículo 16. del 17/09/2009 02:02	17/09/2009	17/09/2009 02:02
60	Exp. 22-PE-09 y otros - Orden del Día 2005 - Artículo 161. del 17/09/2009 03:17	17/09/2009	17/09/2009 03:17
61	Exp. 22-PE-09 y otros - Orden del Día 2005 - Artículo 20. del 17/09/2009 02:06	17/09/2009	17/09/2009 02:06
62	Exp. 22-PE-09 y otros - Orden del Día 2005 - Artículo 25. del 17/09/2009 02:23	17/09/2009	17/09/2009 02:23
63	Exp. 22-PE-09 y otros - Orden del Día 2005 - Artículo 32. del 17/09/2009 02:38	17/09/2009	17/09/2009 02:38
64	Exp. 22-PE-09 y otros - Orden del Día 2005 - Artículo 76. del 17/09/2009 02:46	17/09/2009	17/09/2009 02:46
65	Exp. 22-PE-09 y otros - Orden del Día 2005 - Vot. en General del 17/09/2009 01:15	17/09/2009	17/09/2009 01:15
66	Exp. 237-S-07 - Votación en General y Particular. del 05/08/2009 19:51	05/08/2009	05/08/2009 19:51
67	Exp. 23-PE-09 - Orden del Día 2124 - Votación en General. del 04/11/2009 21:55	04/11/2009	04/11/2009 21:55
68	Exp. 246-S-07 - Orden del Día 59 - Votación en General. del 28/02/2008 20:41	28/02/2008	28/02/2008 20:41
69	Exp. 247-S-07 - Orden del Día 53 - Votación en General. del 28/02/2008 18:15	28/02/2008	28/02/2008 18:15
70	Exp. 2485-D-08 - Votación en General y Particular. del 25/11/2009 14:00	25/11/2009	25/11/2009 14:00
71	Exp. 248-S-07 - Votación en General. del 29/02/2008 00:24	29/02/2008	29/02/2008 00:24
72	Exp. 249-S-07 - Orden del Día 54 - Votación en General. del 29/02/2008 00:22	29/02/2008	29/02/2008 00:22
73	Exp. 24-PE-09 - O.D. 2113 - Vot. en General y Particular. del 04/11/2009 21:42	04/11/2009	04/11/2009 21:42
74	Exp. 2551-D-08 - O.D.2201 - Votación en General y Particular del 11/11/2009 21:13	11/11/2009	11/11/2009 21:13
75	Exp. 257-S-06 - Orden del Día 76 - Artículo 10. del 09/04/2008 22:59	09/04/2008	09/04/2008 22:59
76	Exp. 257-S-06 - Orden del Día 76 - Artículo 3. del 09/04/2008 22:53	09/04/2008	09/04/2008 22:53
77	Exp. 257-S-06 - Orden del Día 76 - Votación en General. del 09/04/2008 22:46	09/04/2008	09/04/2008 22:46
78	Exp. 2595-D-08 (y otros) - Votación en General. del 27/08/2008 20:55	27/08/2008	27/08/2008 20:55
79	Exp. 259-S-07 (y otro) - Artículo 12. del 12/03/2008 23:30	12/03/2008	12/03/2008 23:30
80	Exp. 259-S-07 (y otro) - Votación en General. del 12/03/2008 23:14	12/03/2008	12/03/2008 23:14
81	Exp. 25-PE-09 - Orden del Día 2114 - Votación en General. del 28/10/2009 20:20	28/10/2009	28/10/2009 20:20
82	Exp. 2655-D-08 (y otros) - OD 1719 - Vot. en Gral. y Part. del 20/05/2009 21:10	20/05/2009	20/05/2009 21:10
83	Exp. 2675-D-08 - Votación en General. del 27/08/2008 18:21	27/08/2008	27/08/2008 18:21
84	Exp. 26-PE-07 - Orden del Día 128 - Votación en General. del 07/05/2008 18:01	07/05/2008	07/05/2008 18:01
85	Exp. 26-PE-09 - Orden del Día 2115 - Vot. en Gral. y Part. del 28/10/2009 18:37	28/10/2009	28/10/2009 18:37
86	Exp. 273-D-09 y otros - Vot. en General y Particular. del 25/11/2009 14:04	25/11/2009	25/11/2009 14:04
87	Exp. 275-D-08 - Votación en General y Particular. del 25/11/2009 14:37	25/11/2009	25/11/2009 14:37
88	Exp. 275-S-06 - Orden del Día 55 - Votación en General. del 28/02/2008 23:14	28/02/2008	28/02/2008 23:14
89	Exp. 27-PE-08 - Orden del Día 1167 - Art. 15-16-17-18. del 07/11/2008 02:37	07/11/2008	07/11/2008 02:37
90	Exp. 27-PE-08 - Orden del Día 1167 - Art. 20-21-22. del 07/11/2008 02:41	07/11/2008	07/11/2008 02:41
91	Exp. 27-PE-08 - Orden del Día 1167 - Artículo 1. del 07/11/2008 02:06	07/11/2008	07/11/2008 02:06
92	Exp. 27-PE-08 - Orden del Día 1167 - Artículo 10. del 07/11/2008 02:22	07/11/2008	07/11/2008 02:22
93	Exp. 27-PE-08 - Orden del Día 1167 - Artículo 11. del 07/11/2008 02:27	07/11/2008	07/11/2008 02:27
94	Exp. 27-PE-08 - Orden del Día 1167 - Artículo 12. del 07/11/2008 02:30	07/11/2008	07/11/2008 02:30
95	Exp. 27-PE-08 - Orden del Día 1167 - Artículo 13. del 07/11/2008 02:32	07/11/2008	07/11/2008 02:32
96	Exp. 27-PE-08 - Orden del Día 1167 - Artículo 14. del 07/11/2008 02:37	07/11/2008	07/11/2008 02:37
97	Exp. 27-PE-08 - Orden del Día 1167 - Artículo 19. del 07/11/2008 02:40	07/11/2008	07/11/2008 02:40
98	Exp. 27-PE-08 - Orden del Día 1167 - Artículo 2. del 07/11/2008 02:09	07/11/2008	07/11/2008 02:09
99	Exp. 27-PE-08 - Orden del Día 1167 - Artículo 3. del 07/11/2008 02:09	07/11/2008	07/11/2008 02:09
100	Exp. 27-PE-08 - Orden del Día 1167 - Artículo 4. del 07/11/2008 02:10	07/11/2008	07/11/2008 02:10
101	Exp. 27-PE-08 - Orden del Día 1167 - Artículo 5. del 07/11/2008 02:11	07/11/2008	07/11/2008 02:11
102	Exp. 27-PE-08 - Orden del Día 1167 - Artículo 6. del 07/11/2008 02:12	07/11/2008	07/11/2008 02:12
103	Exp. 27-PE-08 - Orden del Día 1167 - Artículo 7. del 07/11/2008 02:13	07/11/2008	07/11/2008 02:13
104	Exp. 27-PE-08 - Orden del Día 1167 - Artículo 8. del 07/11/2008 02:19	07/11/2008	07/11/2008 02:19
105	Exp. 27-PE-08 - Orden del Día 1167 - Artículo 9. del 07/11/2008 02:20	07/11/2008	07/11/2008 02:20
106	Exp. 27-PE-08 - Orden del Día 1167 - Votación en General. del 07/11/2008 02:01	07/11/2008	07/11/2008 02:01
107	Exp. 27-PE-09 - Orden del Día 2039 - Artículo 1. del 15/10/2009 01:55	15/10/2009	15/10/2009 01:55
108	Exp. 27-PE-09 - Orden del Día 2039 - Artículo 10. del 15/10/2009 02:18	15/10/2009	15/10/2009 02:18
109	Exp. 27-PE-09 - Orden del Día 2039 - Artículo 2. del 15/10/2009 02:00	15/10/2009	15/10/2009 02:00
110	Exp. 27-PE-09 - Orden del Día 2039 - Artículo 3. del 15/10/2009 02:01	15/10/2009	15/10/2009 02:01
111	Exp. 27-PE-09 - Orden del Día 2039 - Artículo 4. del 15/10/2009 02:03	15/10/2009	15/10/2009 02:03
112	Exp. 27-PE-09 - Orden del Día 2039 - Artículo 5. del 15/10/2009 02:10	15/10/2009	15/10/2009 02:10
113	Exp. 27-PE-09 - Orden del Día 2039 - Artículo 6. del 15/10/2009 02:12	15/10/2009	15/10/2009 02:12
114	Exp. 27-PE-09 - Orden del Día 2039 - Artículo 7. del 15/10/2009 02:12	15/10/2009	15/10/2009 02:12
115	Exp. 27-PE-09 - Orden del Día 2039 - Artículo 8. del 15/10/2009 02:14	15/10/2009	15/10/2009 02:14
116	Exp. 27-PE-09 - Orden del Día 2039 - Artículo 9. del 15/10/2009 02:17	15/10/2009	15/10/2009 02:17
117	Exp. 27-PE-09 - Orden del Día 2039 - Votación en General. del 15/10/2009 01:51	15/10/2009	15/10/2009 01:51
118	Exp. 2817-D-09 - O.D. 2241 - Vot. en General y Particular. del 18/11/2009 20:18	18/11/2009	18/11/2009 20:18
119	Exp. 2841-D-08 - O. del Día 585 - Vot. en Gral. y Particular del 27/08/2008 18:13	27/08/2008	27/08/2008 18:13
120	Exp. 284-S-06 (y otro) - Orden del Día 56 - Vot. en General. del 29/02/2008 00:10	29/02/2008	29/02/2008 00:10
121	Exp. 288-D-08 - O. del Día 211 - Vot. en Gral. y Particular. del 11/06/2008 21:51	11/06/2008	11/06/2008 21:51
122	Exp. 28-PE-08 (y otro) - O. del D. 1632 - Vot. en General. del 11/03/2009 17:35	11/03/2009	11/03/2009 17:35
123	Exp. 28-PE-08 (y otro) - Orden del Día 1632 - Artículo 6. del 11/03/2009 17:41	11/03/2009	11/03/2009 17:41
124	Exp. 28-PE-08 (y otro) - Orden del Día 1632 - Artículo 7. del 11/03/2009 17:46	11/03/2009	11/03/2009 17:46
125	Exp. 28-PE-09 - Votación en General. del 28/10/2009 16:50	28/10/2009	28/10/2009 16:50
126	Exp. 2-PE-08 - Votación en General. del 11/06/2008 21:15	11/06/2008	11/06/2008 21:15
127	Exp. 2-PE-2009 - O.D.1668 - Votación en General y Particular del 18/03/2009 21:09	18/03/2009	18/03/2009 21:09
128	Exp. 30-PE-09 - Orden del Día 2168 - Votación en General. del 04/11/2009 16:29	04/11/2009	04/11/2009 16:29
129	Exp. 30-S-08 y otro - Votación en General. del 21/05/2008 21:04	21/05/2008	21/05/2008 21:04
130	Exp. 3191-D-08 - O.D. 2055 - Vot. en General y Particular. del 18/11/2009 20:14	18/11/2009	18/11/2009 20:14
131	Exp. 31-PE-08 - Orden del Día 1321 - Votación en General. del 26/11/2008 21:46	26/11/2008	26/11/2008 21:46
132	Exp. 31-PE-09 - Votación en General y Particular. del 18/11/2009 19:00	18/11/2009	18/11/2009 19:00
133	Exp. 321-D-08 - O. del Día 109 - Vot. en Gral. y Particular. del 27/08/2008 18:31	27/08/2008	27/08/2008 18:31
134	Exp. 326-D-08 - O. D. 1247 - Vot. en General y Particular del 18/11/2009 20:22	18/11/2009	18/11/2009 20:22
135	Exp. 3276-D-09 - Votación en General y Particular del 11/11/2009 21:22	11/11/2009	11/11/2009 21:22
136	Exp. 32-PE-08 - Orden del Día 1324 - Votación en General. del 26/11/2008 21:34	26/11/2008	26/11/2008 21:34
137	Exp. 32-PE-09 - Orden del Día 2199 - Votación en General. del 11/11/2009 16:45	11/11/2009	11/11/2009 16:45
138	Exp. 3394-D-08 - Vot. en General y Particular del 18/11/2009 19:41	18/11/2009	18/11/2009 19:41
139	Exp. 33-PE-08 - Orden del Día 1325 - Votación en General. del 26/11/2008 21:39	26/11/2008	26/11/2008 21:39
140	Exp. 33-PE-09 - O.D. 2198 - Votación en General y Particular del 11/11/2009 19:05	11/11/2009	11/11/2009 19:05
141	Exp. 33-S-08 - O.D. 1249 - Vot. en General y Particular. del 18/11/2009 21:34	18/11/2009	18/11/2009 21:34
142	Exp. 3472-D-09 - Orden del Día 1839 - Votación en General. del 13/08/2009 00:04	13/08/2009	13/08/2009 00:04
143	Exp. 34-PE-08 - Orden del Día 1326 - Artículo 2. del 26/11/2008 16:13	26/11/2008	26/11/2008 16:13
144	Exp. 34-PE-08 - Orden del Día 1326 - Artículo 3. del 26/11/2008 16:16	26/11/2008	26/11/2008 16:16
145	Exp. 34-PE-08 - Orden del Día 1326 - Artículo 4. del 26/11/2008 16:17	26/11/2008	26/11/2008 16:17
146	Exp. 34-PE-08 - Orden del Día 1326 - Artículo 5. del 26/11/2008 16:18	26/11/2008	26/11/2008 16:18
147	Exp. 34-PE-08 - Orden del Día 1326 - Votación en General. del 26/11/2008 16:11	26/11/2008	26/11/2008 16:11
148	Exp. 34-PE-08 - Orden del Día 1326. Artículo 1. del 26/11/2008 16:12	26/11/2008	26/11/2008 16:12
149	Exp. 34-S-08 - O.D. 1012 - Vot.en General y Particular. del 18/11/2009 21:38	18/11/2009	18/11/2009 21:38
150	Exp. 3592-D-09 - O.D. 2369 - Vot. en General y Particular. del 25/11/2009 16:05	25/11/2009	25/11/2009 16:05
151	Exp. 35-PE-08 - Orden del Día 1322 - Votación en General. del 26/11/2008 21:45	26/11/2008	26/11/2008 21:45
152	Exp. 364-D-07 - Orden del Día 91 - Votación en General. del 07/05/2008 18:18	07/05/2008	07/05/2008 18:18
153	Exp. 3658-D-08 - Orden del Día 1251 - Votación en General. del 11/03/2009 20:18	11/03/2009	11/03/2009 20:18
154	Exp. 36-PE-08 - Orden del Día 1323 - Votación en General. del 26/11/2008 22:18	26/11/2008	26/11/2008 22:18
155	Exp. 3782-D-07 - Orden del Día 605 - Votación en General. del 27/08/2008 22:21	27/08/2008	27/08/2008 22:21
156	Exp. 37-PE-08 - Votación en General y Particular. del 11/12/2008 02:24	11/12/2008	11/12/2008 02:24
157	Exp. 38-PE-08 - Orden del Día 1530 - Título III. del 11/12/2008 01:53	11/12/2008	11/12/2008 01:53
158	Exp. 38-PE-08 - Orden del Día 1530 - Votación en General. del 11/12/2008 01:08	11/12/2008	11/12/2008 01:08
159	Exp. 3-PE-08 - Votación en General. del 07/05/2008 22:02	07/05/2008	07/05/2008 22:02
160	Exp. 3-PE-09 - Votación en General. del 20/05/2009 20:28	20/05/2009	20/05/2009 20:28
161	Exp. 4109-D-09 - Orden del Día 2040 - Votación en General. del 15/10/2009 02:19	15/10/2009	15/10/2009 02:19
162	Exp. 4117-D-08 y otro - O. D. 2056 - Vot. Gral. y Part. del 28/10/2009 23:32	28/10/2009	28/10/2009 23:32
163	Exp. 412-D-08 - Orden del Día 1372 - Votación en General. del 03/12/2008 23:06	03/12/2008	03/12/2008 23:06
164	Exp. 4271-D-09 - Votación en General y Particular. del 28/10/2009 17:33	28/10/2009	28/10/2009 17:33
165	Exp. 4273-D-09 - Orden del Día 2119 - Vot. en Gral. y Part. del 28/10/2009 17:02	28/10/2009	28/10/2009 17:02
166	Exp. 42-PE-08 - OD 1635 - Votación en General y Particular del 20/05/2009 21:15	20/05/2009	20/05/2009 21:15
167	Exp. 4326-D-08 - Votación en General y Particular. del 27/08/2008 18:28	27/08/2008	27/08/2008 18:28
168	Exp. 43-PE-08 - Orden del Día 1628 - Votación en General. del 17/12/2008 16:25	17/12/2008	17/12/2008 16:25
169	Exp. 44-PE-08 - Votación en General del 11/03/2009 18:20	11/03/2009	11/03/2009 18:20
170	Exp. 44-S-08 - O. del Día 560 - Vot. en Gral. y Particular. del 20/08/2008 19:51	20/08/2008	20/08/2008 19:51
171	Exp. 4582-D-08 - OD 1236 - Vot. en General y Particular del 20/05/2009 21:12	20/05/2009	20/05/2009 21:12
172	Exp. 45-S-07 y otros - O.D. 1983 - Vot. en Gral. y Part. del 28/10/2009 23:10	28/10/2009	28/10/2009 23:10
173	Exp. 4638-D-09 - O.D. 2235 - Vot. en General y Particular. del 18/11/2009 22:03	18/11/2009	18/11/2009 22:03
174	Exp. 4664-D-08 - Orden del Día 1233 - Votación en General. del 03/12/2008 23:23	03/12/2008	03/12/2008 23:23
175	Exp. 4715-D-08 - O.D. 1344 - Vot. Gral y Part. del 28/10/2009 23:05	28/10/2009	28/10/2009 23:05
176	Exp. 4920-D-08 - Orden del Día 1647 - Votación en General. del 20/05/2009 21:05	20/05/2009	20/05/2009 21:05
177	Exp. 4942-D-09 - O.D. 2350 - Vot. en General y Particular. del 25/11/2009 17:43	25/11/2009	25/11/2009 17:43
178	Exp. 4979-D-08 - O.D. 2371 - Vot. en General y Particular. del 25/11/2009 14:08	25/11/2009	25/11/2009 14:08
179	Exp. 4984-D-07 (y otros) - O. D. 1503 - Votación en General. del 17/12/2008 17:42	17/12/2008	17/12/2008 17:42
180	Exp. 4-PE-08 - Votación en General. del 07/05/2008 22:06	07/05/2008	07/05/2008 22:06
181	Exp. 517-D-08 - O.D. 2148 - Vot. en General y Particular. del 18/11/2009 21:29	18/11/2009	18/11/2009 21:29
182	Exp. 51-S-08 - Votación en General. del 20/08/2008 18:35	20/08/2008	20/08/2008 18:35
183	Exp. 5259-D-08 - O.D.2202 - Vot. en General y Particular del 11/11/2009 21:14	11/11/2009	11/11/2009 21:14
184	Exp. 5273-D-08 - O. D. 1136 - Vot. en General y Particular. del 11/12/2008 02:35	11/12/2008	11/12/2008 02:35
185	Exp. 53-S-08 - Orden del Día 1371 - Votación en General. del 26/11/2008 22:19	26/11/2008	26/11/2008 22:19
186	Exp. 556-D-08 - Proyecto de Resolución. del 12/03/2008 18:40	12/03/2008	12/03/2008 18:40
187	Exp. 55-S-08 - Votación en General. del 27/08/2008 18:17	27/08/2008	27/08/2008 18:17
188	Exp. 5733-D-08 - Orden del Día 1234 - Votación en General. del 26/11/2008 22:16	26/11/2008	26/11/2008 22:16
189	Exp. 5764-D-07 - O. del Día 65 - Vot. en Gral. y Particular. del 09/04/2008 23:10	09/04/2008	09/04/2008 23:10
190	Exp. 581-D-2009 - Votación en General y Particular del 18/11/2009 20:34	18/11/2009	18/11/2009 20:34
191	Exp. 5-PE-08 - Votación en General. del 07/05/2008 22:09	07/05/2008	07/05/2008 22:09
192	Exp. 6039-D-08 - O.D. 1696 - Vot. en General y Particular. del 25/11/2009 15:50	25/11/2009	25/11/2009 15:50
193	Exp. 60-S-09 y 86-S-09 Vot. en General y Particular del 18/11/2009 20:28	18/11/2009	18/11/2009 20:28
194	Exp. 631-D-06. Aceptación de mod. intr. por el H. Senado. del 11/03/2009 16:42	11/03/2009	11/03/2009 16:42
195	Exp. 6352-D-08 - Orden del Día 1327 - Votación en General. del 26/11/2008 21:42	26/11/2008	26/11/2008 21:42
196	Exp. 6538-D-08 - Orden del Día 1342 - Votación en General. del 03/12/2008 19:41	03/12/2008	03/12/2008 19:41
197	Exp. 6582-D-08 y otro - O.D. 1917 - Vot. Gral. y Part. del 28/10/2009 23:27	28/10/2009	28/10/2009 23:27
198	Exp. 6700-D-08 - O.D.2227 - Vot. en General y Particular. del 18/11/2009 19:44	18/11/2009	18/11/2009 19:44
199	Exp. 6801-D-08 - Votación en General. del 20/05/2009 22:55	20/05/2009	20/05/2009 22:55
200	Exp. 69-S-09 - Votación en General. del 28/10/2009 22:59	28/10/2009	28/10/2009 22:59
201	Exp. 6-PE-08 - Artículo 7. del 07/05/2008 22:21	07/05/2008	07/05/2008 22:21
202	Exp. 6-PE-08 - Votación en General. del 07/05/2008 22:11	07/05/2008	07/05/2008 22:11
203	Exp. 6-PE-09 - Votación en General. del 28/10/2009 21:48	28/10/2009	28/10/2009 21:48
204	Exp. 7009-D-06 - Orden del Día 2014 - Votación. del 28/10/2009 23:20	28/10/2009	28/10/2009 23:20
205	Exp. 70-PE-06 - Orden del Día 129. del 07/05/2008 17:59	07/05/2008	07/05/2008 17:59
206	Exp. 79-D-08 - Orden del Día 626 - Votación en General. del 27/08/2008 22:34	27/08/2008	27/08/2008 22:34
207	Exp. 7-PE-08 - Orden del Día 195 - Votación en General. del 07/05/2008 22:26	07/05/2008	07/05/2008 22:26
208	Exp. 7-PE-08. Moción de pase a Comisión. del 07/05/2008 22:25	07/05/2008	07/05/2008 22:25
209	Exp. 7-PE-09 - Orden del Día 1720 - Votación en General. del 05/08/2009 22:08	05/08/2009	05/08/2009 22:08
210	Exp. 82-S-07 - Orden del Día 52 - Votación en General. del 28/02/2008 18:10	28/02/2008	28/02/2008 18:10
211	Exp. 82-S-09 - Votación en General y Particular. del 25/11/2009 14:41	25/11/2009	25/11/2009 14:41
212	Exp. 85-D-08 (y otros) - O.D. 2200 - Vot. en Gral. y Part. del 11/11/2009 21:11	11/11/2009	11/11/2009 21:11
213	Exp. 89-S-07 - Orden del Día 1915. del 14/10/2009 12:31	14/10/2009	14/10/2009 12:31
214	Exp. 91-S-08 - Orden del Día 1231 - Votación en General. del 26/11/2008 22:13	26/11/2008	26/11/2008 22:13
215	Exp. 93-S-08 - Orden del Día 1232 - Votación en General. del 26/11/2008 22:21	26/11/2008	26/11/2008 22:21
216	Exp. 968-D-08 - Orden del Día 530 - Artículo 17. del 06/08/2009 01:31	06/08/2009	06/08/2009 01:31
217	Exp. 968-D-08 - Orden del Día 530 - Votación en General. del 06/08/2009 01:07	06/08/2009	06/08/2009 01:07
218	Exp. 98-S-07 - Orden del Día 457 - Votación en General. del 20/08/2008 18:40	20/08/2008	20/08/2008 18:40
219	Exped. 160-S-07 - Orden del día 346. Vot. en General del 04/06/2008 19:20	04/06/2008	04/06/2008 19:20
220	Expediente 1061-D-06. del 12/03/2008 16:39	12/03/2008	12/03/2008 16:39
221	Expediente 5864-D-06 - Orden del Día 172 del 04/06/2008 17:28	04/06/2008	04/06/2008 17:28
222	Expediente 7-PE-09 - Orden del Día 2164. del 04/11/2009 16:40	04/11/2009	04/11/2009 16:40
223	Expediente 81-OV-08. del 24/04/2008 00:56	24/04/2008	24/04/2008 00:56
224	Expediente 920-D-08 -- Votación en General del 27/03/2008 01:27	27/03/2008	27/03/2008 01:27
225	Expediente 922-D-08 del 27/03/2008 01:25	27/03/2008	27/03/2008 01:25
226	Expedientes 513-D-06 y 2216-D-06. del 21/05/2008 22:36	21/05/2008	21/05/2008 22:36
227	Incorporación al Trat. sobre Tablas del Expediente 513-D-06. del 21/05/2008 17:41	21/05/2008	21/05/2008 17:41
228	Moción Dip. AGUAD de Pase a Cuarto Intermedio. del 11/06/2008 21:09	11/06/2008	11/06/2008 21:09
229	Moción Dip. MACALUSE de Apartamiento del Reglamento. del 03/12/2008 21:26	03/12/2008	03/12/2008 21:26
230	Pedido de Pref.- Trat. s/Tablas Exp 4750-D-08 Dip. SANCHEZ. del 03/09/2008 19:24	03/09/2008	03/09/2008 19:24
231	Pedido de Pref.- Trat. sobre Tablas Exp 4744-D-08 Dip. MORAN del 03/09/2008 19:14	03/09/2008	03/09/2008 19:14
232	Proyecto de Resolución del 28/10/2009 22:50	28/10/2009	28/10/2009 22:50
233	Proyectos de Ley sin Disidencias ni Observaciones del 04/06/2008 17:30	04/06/2008	04/06/2008 17:30
234	Proyectos de Resolución del 28/10/2009 22:49	28/10/2009	28/10/2009 22:49
235	Solicitud de Reconsideración Art. 2 - Dip. FADEL, Patricia del 15/10/2009 02:24	15/10/2009	15/10/2009 02:24
236	Solicitud de tratamiento sobre tablas del Exp. 5535-D-09. del 18/11/2009 14:13	18/11/2009	18/11/2009 14:13
237	Vot. en General. y Particular de varios Proyectos de Ley. del 09/04/2008 23:14	09/04/2008	09/04/2008 23:14
238	Votación en General y Particular de Proyectos de Ley. del 21/05/2008 19:11	21/05/2008	21/05/2008 19:11
239	Votación en General y Particular de Proyectos de Ley. del 11/06/2008 21:52	11/06/2008	11/06/2008 21:52
240	Votación en General y Particular de Proyectos de Ley. del 20/08/2008 18:59	20/08/2008	20/08/2008 18:59
241	Votación en General y Particular de Proyectos de Ley. del 03/12/2008 23:14	03/12/2008	03/12/2008 23:14
242	Votación en General y Particular de Proyectos de Ley. del 11/12/2008 02:30	11/12/2008	11/12/2008 02:30
243	Votación en General y Particular de Proyectos de Ley. del 11/03/2009 16:01	11/03/2009	11/03/2009 16:01
244	Votación en General y Particular de Proyectos de Ley. del 20/05/2009 17:55	20/05/2009	20/05/2009 17:55
245	Votación en General y Particular de Proyectos de Ley. del 06/08/2009 01:41	06/08/2009	06/08/2009 01:41
246	Votación en General y Particular de Proyectos de Ley. del 06/08/2009 01:42	06/08/2009	06/08/2009 01:42
247	Votación en General y Particular de Proyectos de Ley. del 14/10/2009 12:33	14/10/2009	14/10/2009 12:33
248	Votación en General y Particular de Proyectos de Ley. del 14/10/2009 12:54	14/10/2009	14/10/2009 12:54
249	Votación en General y Particular de Proyectos de Ley. del 28/10/2009 22:03	28/10/2009	28/10/2009 22:03
250	Votación en General y Particular de Proyectos de Ley. del 18/11/2009 19:35	18/11/2009	18/11/2009 19:35
251	Votación en General y Particular de Proyectos de Ley. del 25/11/2009 13:52	25/11/2009	25/11/2009 13:52
